{
    "tags": [
        {
            "portal_page_template_tag_id": "399",
            "portal_page_template_id": "43",
            "name": "External Content Dataset",
            "uid": "6d36dd8e69eb805b55c9",
            "default_value": "",
            "additional_options": "",
            "tag_type": "select",
            "tag_source": "dataset",
            "javascript_code": "",
            "display_order": "0",
            "use_hmtl_editor_ind": "N",
            "use_json_editor_ind": "N",
            "description": "",
            "use_js_code_ind": ""
        },
        {
            "portal_page_template_tag_id": "400",
            "portal_page_template_id": "43",
            "name": "Sidebar Dataset",
            "uid": "9d978a0887ec2854734c",
            "default_value": "",
            "additional_options": "",
            "tag_type": "select",
            "tag_source": "dataset",
            "javascript_code": "",
            "display_order": "1",
            "use_hmtl_editor_ind": "N",
            "use_json_editor_ind": "N",
            "description": "",
            "use_js_code_ind": ""
        },
        {
            "portal_page_template_tag_id": "401",
            "portal_page_template_id": "43",
            "name": "Filter Dataset",
            "uid": "751e797e5f70a1e1fca6",
            "default_value": "",
            "additional_options": "",
            "tag_type": "select",
            "tag_source": "dataset",
            "javascript_code": "",
            "display_order": "2",
            "use_hmtl_editor_ind": "N",
            "use_json_editor_ind": "N",
            "description": "Dataset for models count and filtering them",
            "use_js_code_ind": ""
        },
        {
            "portal_page_template_tag_id": "402",
            "portal_page_template_id": "43",
            "name": "Sidebar Icons",
            "uid": "5b2d677a4398abfc41f6",
            "default_value": "",
            "additional_options": [
                "Button Name",
                "Icon",
                "Button Color"
            ],
            "tag_type": "list",
            "tag_source": "static",
            "javascript_code": "",
            "display_order": "3",
            "use_hmtl_editor_ind": "N",
            "use_json_editor_ind": "N",
            "description": "Icons for sidebar.<br>\nButton Name: Name works as id. Should b\u0443 the same as the category name;<br>\nIcon: Include image source;<br>\nButton Color: Insert necessary color in hex. Example: #ffffff.",
            "use_js_code_ind": ""
        },
        {
            "portal_page_template_tag_id": "403",
            "portal_page_template_id": "43",
            "name": "Filter Column Name",
            "uid": "a979269c5e77f0afd216",
            "default_value": "",
            "additional_options": [
                "columnName"
            ],
            "tag_type": "list",
            "tag_source": "static",
            "javascript_code": "",
            "display_order": "4",
            "use_hmtl_editor_ind": "N",
            "use_json_editor_ind": "N",
            "description": "Enter needed filter columns (column names need to be taken from \"Filter Dataset\")",
            "use_js_code_ind": ""
        },
        {
            "portal_page_template_tag_id": "404",
            "portal_page_template_id": "43",
            "name": "Grid Flow",
            "uid": "699e327456174c153a0e",
            "default_value": "",
            "additional_options": [
                "Canvas Width",
                "Canvas Height",
                {
                    "name": "Edge Dataset",
                    "type": "select",
                    "source": "dataset"
                },
                {
                    "name": "Node Dataset",
                    "type": "select",
                    "source": "dataset"
                },
                {
                    "name": "Custom Dataset",
                    "type": "select",
                    "source": "dataset"
                },
                "Category",
                "Subcategory",
                "GRID_WIDTH_SPACING",
                "GRID_HEIGHT_SPACING"
            ],
            "tag_type": "list",
            "tag_source": "static",
            "javascript_code": "",
            "display_order": "5",
            "use_hmtl_editor_ind": "N",
            "use_json_editor_ind": "N",
            "description": "3 types of dataset for building process flow: <br>\n - nodes dataset. For building nodes. Includes: background image, inside image, process \n   step name and process step id.<br>\n - edge dataset. For building arrows path. Includes: id path from\/to, arrows anding  from\/to \n   (to build arrow ending at the begging or ending of arrow)<br>\n - custom dataset. For building custom background and adding title to it.<br>\n<br><br>\nImportant lines!<br>\n - Canvas Height: Install the height of canvas for Flow Chart.<br>\n - Category: To bind dataset to needed category.<br>\n - Subcategory: To bind dataset to needed subcategory.<br>\n - GRID_WIDTH_SPACING: adding margin between nodes, horizontal.<br>\n - GRID_HEIGHT_SPACING: adding margin between nodes, vertical.<br>\n<br><br>\nFor example to build process step flow with nodes and arrows needed two dataset one for nodes and one for edges.",
            "use_js_code_ind": ""
        }
    ],
    "settings": {
        "image_capture_timeout": "20",
        "image_capture_on_event": "none",
        "image_capture_css_selector": ""
    }
}