{
    "tags": [
        {
            "portal_page_template_tag_id": "84",
            "portal_page_template_id": "7",
            "name": "Multifolder",
            "uid": "b4b5960cea3d4411f0f2",
            "default_value": "",
            "additional_options": [
                {
                    "id": "Y",
                    "text": "Y"
                },
                {
                    "id": "N",
                    "text": "N"
                }
            ],
            "tag_type": "select",
            "tag_source": "static",
            "javascript_code": "",
            "display_order": "0",
            "use_hmtl_editor_ind": "N",
            "use_json_editor_ind": "N",
            "description": "Insert Y or N:<br>\n<b>Y<\/b> - to show elements with folder hierarchy<br>\n<b>N<\/b> - to show elements in single fodler",
            "use_js_code_ind": "N"
        },
        {
            "portal_page_template_tag_id": "75",
            "portal_page_template_id": "7",
            "name": "Element Preview Type",
            "uid": "f6a81f7b992ff0ee292f",
            "default_value": "",
            "additional_options": [
                {
                    "id": "preview popup",
                    "text": "preview popup"
                },
                {
                    "id": "iframe",
                    "text": "iframe"
                }
            ],
            "tag_type": "select",
            "tag_source": "static",
            "javascript_code": "",
            "display_order": "1",
            "use_hmtl_editor_ind": "N",
            "use_json_editor_ind": "N",
            "description": "Switch between open element type.\n<br>\nTo open element in preview popup, insert: <b style=\"text-decoration: underline\">preview popup<\/b>\n<br>\nTo open element in iframe, insert: <b style=\"text-decoration: underline\">iframe<\/b>",
            "use_js_code_ind": null
        },
        {
            "portal_page_template_tag_id": "145",
            "portal_page_template_id": "7",
            "name": "Iframe Type",
            "uid": "fd835ddb6ff9f4bab776",
            "default_value": "",
            "additional_options": [
                {
                    "id": "live dashboard",
                    "text": "live dashboard"
                },
                {
                    "id": "viewer",
                    "text": "viewer"
                }
            ],
            "tag_type": "select",
            "tag_source": "static",
            "javascript_code": "",
            "display_order": "2",
            "use_hmtl_editor_ind": "N",
            "use_json_editor_ind": "N",
            "description": "Choose the view of iframe.<br><br>\n<b>live dashboard<\/b> - will show only report in iframe window;<br>\n<b>preview<\/b> - will show report with all aditional controls and UI elements from core application, in iframe window.",
            "use_js_code_ind": null
        },
        {
            "portal_page_template_tag_id": "92",
            "portal_page_template_id": "7",
            "name": "Portal Page Background",
            "uid": "15629264749e752714df",
            "default_value": "",
            "additional_options": "",
            "tag_type": "text",
            "tag_source": "static",
            "javascript_code": "",
            "display_order": "3",
            "use_hmtl_editor_ind": "N",
            "use_json_editor_ind": "N",
            "description": "Background for portal page",
            "use_js_code_ind": null
        },
        {
            "portal_page_template_tag_id": "96",
            "portal_page_template_id": "7",
            "name": "Portal Page Main Active Color",
            "uid": "41c16ecd6bdc7a555d0d",
            "default_value": "",
            "additional_options": "",
            "tag_type": "text",
            "tag_source": "static",
            "javascript_code": "",
            "display_order": "4",
            "use_hmtl_editor_ind": "N",
            "use_json_editor_ind": "N",
            "description": "Color for all titles links, sidebar items and colored items inside portal page<br>\n<b style=\"color: darkred; text-decoration: underline;\">&#9888; Note<\/b><br>\nThis variable is <b>important<\/b> for portal page, as it is responsible for the main color.<br>\n<b>Enter color only hash please<\/b>",
            "use_js_code_ind": null
        },
        {
            "portal_page_template_tag_id": "144",
            "portal_page_template_id": "7",
            "name": "Enable Searchbar",
            "uid": "410c313c1c80604f9ea3",
            "default_value": "",
            "additional_options": [
                {
                    "id": "Y",
                    "text": "Y"
                },
                {
                    "id": "N",
                    "text": "N"
                }
            ],
            "tag_type": "select",
            "tag_source": "static",
            "javascript_code": "",
            "display_order": "5",
            "use_hmtl_editor_ind": "N",
            "use_json_editor_ind": "N",
            "description": "",
            "use_js_code_ind": null
        },
        {
            "portal_page_template_tag_id": "99",
            "portal_page_template_id": "7",
            "name": "Dynamic Gradient",
            "uid": "e100918e3aa56828b85e",
            "default_value": "",
            "additional_options": [
                {
                    "id": "Y",
                    "text": "Y"
                },
                {
                    "id": "N",
                    "text": "N"
                }
            ],
            "tag_type": "select",
            "tag_source": "static",
            "javascript_code": "",
            "display_order": "6",
            "use_hmtl_editor_ind": "N",
            "use_json_editor_ind": "N",
            "description": "<b>Y<\/b> - to turn on lava gradient <br>\n<b>N<\/b> - to turn off lava gradient",
            "use_js_code_ind": null
        },
        {
            "portal_page_template_tag_id": "86",
            "portal_page_template_id": "7",
            "name": "Lava Gradient Color 1",
            "uid": "f7236bd6dca23ef968c7",
            "default_value": "",
            "additional_options": "",
            "tag_type": "text",
            "tag_source": "static",
            "javascript_code": "",
            "display_order": "7",
            "use_hmtl_editor_ind": "N",
            "use_json_editor_ind": "N",
            "description": "Gradient color 1\/4. \n<br>\nUse hex type color",
            "use_js_code_ind": null
        },
        {
            "portal_page_template_tag_id": "87",
            "portal_page_template_id": "7",
            "name": "Lava Gradient Color 2",
            "uid": "92fde6f8bb3a71164bb0",
            "default_value": "",
            "additional_options": "",
            "tag_type": "text",
            "tag_source": "static",
            "javascript_code": "",
            "display_order": "8",
            "use_hmtl_editor_ind": "N",
            "use_json_editor_ind": "N",
            "description": "Gradient color 2\/4\n<br>\nUse hex type color",
            "use_js_code_ind": null
        },
        {
            "portal_page_template_tag_id": "88",
            "portal_page_template_id": "7",
            "name": "Lava Gradient Color 3",
            "uid": "fef71f49746de3af92b1",
            "default_value": "",
            "additional_options": "",
            "tag_type": "text",
            "tag_source": "static",
            "javascript_code": "",
            "display_order": "9",
            "use_hmtl_editor_ind": "N",
            "use_json_editor_ind": "N",
            "description": "Gradient color 3\/4\n<br>\nUse hex type color",
            "use_js_code_ind": null
        },
        {
            "portal_page_template_tag_id": "89",
            "portal_page_template_id": "7",
            "name": "Lava Gradient Color 4",
            "uid": "24e3e8873eb7b671d1c2",
            "default_value": "",
            "additional_options": "",
            "tag_type": "text",
            "tag_source": "static",
            "javascript_code": "",
            "display_order": "10",
            "use_hmtl_editor_ind": "N",
            "use_json_editor_ind": "N",
            "description": "Gradient color 4\/4\n<br>\nUse hex type color",
            "use_js_code_ind": null
        },
        {
            "portal_page_template_tag_id": "100",
            "portal_page_template_id": "7",
            "name": "Enable Topbar Hide",
            "uid": "ac63631f1c0c86e10884",
            "default_value": "",
            "additional_options": [
                {
                    "id": "Y",
                    "text": "Y"
                },
                {
                    "id": "N",
                    "text": "N"
                }
            ],
            "tag_type": "select",
            "tag_source": "static",
            "javascript_code": "",
            "display_order": "11",
            "use_hmtl_editor_ind": "N",
            "use_json_editor_ind": "N",
            "description": "<b>Y<\/b> - to enable ability to swipe topbar <br>\n<b>N<\/b> - to disable ability to swipe topbar",
            "use_js_code_ind": null
        },
        {
            "portal_page_template_tag_id": "91",
            "portal_page_template_id": "7",
            "name": "Custom topbar",
            "uid": "9ccf8a18b2b10b5ecb23",
            "default_value": "",
            "additional_options": [
                {
                    "id": "Y",
                    "text": "Y"
                },
                {
                    "id": "N",
                    "text": "N"
                }
            ],
            "tag_type": "select",
            "tag_source": "static",
            "javascript_code": "",
            "display_order": "12",
            "use_hmtl_editor_ind": "N",
            "use_json_editor_ind": "N",
            "description": "Input <b>Y<\/b> or <b>N<\/b> to allow customize topbar",
            "use_js_code_ind": null
        },
        {
            "portal_page_template_tag_id": "95",
            "portal_page_template_id": "7",
            "name": "Topbar Background Color",
            "uid": "e29cb31518a5bcd8fc9d",
            "default_value": "",
            "additional_options": "",
            "tag_type": "text",
            "tag_source": "static",
            "javascript_code": "",
            "display_order": "13",
            "use_hmtl_editor_ind": "N",
            "use_json_editor_ind": "N",
            "description": "Input background color for topbar",
            "use_js_code_ind": null
        },
        {
            "portal_page_template_tag_id": "93",
            "portal_page_template_id": "7",
            "name": "Topbar Color",
            "uid": "a9ec8ef9e0ced03c4acc",
            "default_value": "",
            "additional_options": "",
            "tag_type": "text",
            "tag_source": "static",
            "javascript_code": "",
            "display_order": "14",
            "use_hmtl_editor_ind": "N",
            "use_json_editor_ind": "N",
            "description": "Input font and icons color",
            "use_js_code_ind": null
        },
        {
            "portal_page_template_tag_id": "94",
            "portal_page_template_id": "7",
            "name": "Topbar Highlight Color",
            "uid": "3452650dd8aff11c96b2",
            "default_value": "",
            "additional_options": "",
            "tag_type": "text",
            "tag_source": "static",
            "javascript_code": "",
            "display_order": "15",
            "use_hmtl_editor_ind": "N",
            "use_json_editor_ind": "N",
            "description": "Input color for hover and highlighted elements for topbar",
            "use_js_code_ind": null
        },
        {
            "portal_page_template_tag_id": "76",
            "portal_page_template_id": "7",
            "name": "Logo",
            "uid": "8ff0de3b0bcd8d86d136",
            "default_value": "",
            "additional_options": "",
            "tag_type": "file",
            "tag_source": "static",
            "javascript_code": "",
            "display_order": "16",
            "use_hmtl_editor_ind": "N",
            "use_json_editor_ind": "N",
            "description": "Upload Logo to sidebar",
            "use_js_code_ind": null
        },
        {
            "portal_page_template_tag_id": "77",
            "portal_page_template_id": "7",
            "name": "Sidebar Bottom",
            "uid": "a591aa0b3e0ba2007a89",
            "default_value": "",
            "additional_options": [
                "Sidebar Bottom Icon",
                "Sidebar Bottom Url",
                "Sidebar Bottom Text",
                {
                    "name": "Text Style",
                    "type": "select",
                    "options": [
                        "Link",
                        "Text"
                    ]
                }
            ],
            "tag_type": "list",
            "tag_source": "static",
            "javascript_code": "",
            "display_order": "17",
            "use_hmtl_editor_ind": "N",
            "use_json_editor_ind": "N",
            "description": "Additional link at the bottom of sidebar.<br>\nYou can choose 'Text Style' which will define the look of element.<br>\n<b>Link<\/b> - will give the text link styles<br>\n<b>Text<\/b> - will give the text styles without underline and basic link color",
            "use_js_code_ind": null
        },
        {
            "portal_page_template_tag_id": "78",
            "portal_page_template_id": "7",
            "name": "Announcements",
            "uid": "a0c8ef0e59530de9df70",
            "default_value": "",
            "additional_options": "",
            "tag_type": "select",
            "tag_source": "announcement",
            "javascript_code": "",
            "display_order": "18",
            "use_hmtl_editor_ind": "N",
            "use_json_editor_ind": "N",
            "description": "Choose needed announcement from the list",
            "use_js_code_ind": null
        },
        {
            "portal_page_template_tag_id": "79",
            "portal_page_template_id": "7",
            "name": "Announcements Link",
            "uid": "800ac0d9faeee0fd07b6",
            "default_value": "",
            "additional_options": "",
            "tag_type": "text",
            "tag_source": "static",
            "javascript_code": "",
            "display_order": "19",
            "use_hmtl_editor_ind": "N",
            "use_json_editor_ind": "N",
            "description": "If this field is empty, you won't see 'More Announcements\" button",
            "use_js_code_ind": null
        },
        {
            "portal_page_template_tag_id": "80",
            "portal_page_template_id": "7",
            "name": "Folders List",
            "uid": "5febdebdf28a71828759",
            "default_value": "",
            "additional_options": [
                "Icon",
                "Folder ID",
                "Default for Group Id"
            ],
            "tag_type": "list",
            "tag_source": "static",
            "javascript_code": "",
            "display_order": "20",
            "use_hmtl_editor_ind": "N",
            "use_json_editor_ind": "N",
            "description": "List of folders for sidebar",
            "use_js_code_ind": null
        },
        {
            "portal_page_template_tag_id": "81",
            "portal_page_template_id": "7",
            "name": "Tags",
            "uid": "c724b0db02c5f9726a05",
            "default_value": "",
            "additional_options": [
                "Tag",
                "Tag name",
                "Tooltip"
            ],
            "tag_type": "list",
            "tag_source": "static",
            "javascript_code": "",
            "display_order": "21",
            "use_hmtl_editor_ind": "N",
            "use_json_editor_ind": "N",
            "description": "",
            "use_js_code_ind": null
        },
        {
            "portal_page_template_tag_id": "98",
            "portal_page_template_id": "7",
            "name": "Enable MI Custom Access Require Popup",
            "uid": "22d8e421214ef9252f8b",
            "default_value": "",
            "additional_options": [
                {
                    "id": "Y",
                    "text": "Y"
                },
                {
                    "id": "N",
                    "text": "N"
                }
            ],
            "tag_type": "select",
            "tag_source": "static",
            "javascript_code": "",
            "display_order": "22",
            "use_hmtl_editor_ind": "N",
            "use_json_editor_ind": "N",
            "description": "<b style=\"color: darkred; text-decoration: underline;\">&#9888; Note<\/b><br>\n<b>This option requires patch or instance version 6.4.3+<\/b><br><br>\n<b>Y<\/b> - Enable MI Custom Access Require Popup for portal page<br>\n<b>N<\/b> - Disable MI Custom Access Require Popup for portal page<br>\n<br>\nIf filed is empty or <b>N<\/b> will show basic PP Access Require popup.",
            "use_js_code_ind": null
        },
        {
            "portal_page_template_tag_id": "82",
            "portal_page_template_id": "7",
            "name": "Access Denied Message",
            "uid": "c8a56cbdf2ac66abd8b9",
            "default_value": "",
            "additional_options": "",
            "tag_type": "text",
            "tag_source": "static",
            "javascript_code": "",
            "display_order": "23",
            "use_hmtl_editor_ind": "N",
            "use_json_editor_ind": "N",
            "description": "Text for custom popup access denied message.",
            "use_js_code_ind": null
        },
        {
            "portal_page_template_tag_id": "83",
            "portal_page_template_id": "7",
            "name": "Access Request Target",
            "uid": "e60e429c9a649b1dcebb",
            "default_value": "",
            "additional_options": "",
            "tag_type": "text",
            "tag_source": "static",
            "javascript_code": "",
            "display_order": "24",
            "use_hmtl_editor_ind": "N",
            "use_json_editor_ind": "N",
            "description": "Link for button at access denied message",
            "use_js_code_ind": null
        }
    ],
    "settings": {
        "image_capture_timeout": "20",
        "image_capture_on_event": "none",
        "image_capture_css_selector": ""
    }
}